Production_Volume,Downtime_Minutes,Scrap_Rate,Line_Speed,Cycle_Time,Operator_Load,Quality_KPI
902,16,3.1038120240043696,1.1789361320555123,41.514988557991316,53.645091768395176,83.87518487226338
1235,70,0.6173635215752278,1.2398678134491685,47.156168136815594,70.14366413163185,88.50751691726732
1070,88,2.494613897049608,0.8789406110763559,47.633080825865946,64.76452470239717,82.63998932709507
906,44,3.168605400092417,1.229494978809253,35.53428759400918,61.619216152802395,83.70563416181426
871,3,3.568679728666123,1.3454195123993844,40.86706324956865,64.05022494543567,85.4620573445031
820,35,1.6972861205056762,0.9078098653221452,40.03533866225796,90.17413716484424,85.87276542869546
1414,69,3.374400566352045,0.9425259949543265,30.785901255961942,96.46140268159269,83.58436183004906
921,30,0.8872110793432253,1.3828370564249837,30.725752916740657,70.25513472637832,89.36417347334731
1266,18,3.4625830210708135,0.9085861716256939,54.9509113102732,95.30555010662485,81.38050246858984
1014,60,0.9462103181619385,1.3126310560217473,38.19212429918437,66.0747850623941,88.00069758871633
1130,107,1.8905055169612854,1.0953667138688208,45.542362987164466,73.82184931718959,83.75298877042222
1258,53,3.290533780228438,0.9483386446419062,38.96176720766319,61.30144989079999,80.18987742708632
887,38,1.0247109957207083,1.3224499407635069,58.220377353460215,82.0238021087922,89.28498883897045
1172,90,1.3023798833142453,1.0671831530015994,37.778902765973214,98.94905575874044,85.62678103588144
899,73,3.027883989375732,1.108890412357814,42.88970438216805,80.17465480216893,80.88762358842679
1463,89,3.02012787791126,1.0155400216398593,56.181907514538054,67.89070420567745,80.87135235778044
930,18,2.7440167150985406,1.1557705108609564,55.25800700375426,82.39087229952642,83.6935791974787
1461,38,2.92881955563485,0.8981143235510137,35.583042535388316,56.14603392326938,81.62730591536265
1108,66,2.3995355517165864,1.0346489219910564,54.079299293871316,94.43295401326993,83.36678646463878
1143,44,1.3812967061743346,1.3816473934011724,43.74560660213678,75.15419753899181,86.07134623188766
1291,12,1.7099359772637182,0.9548800596206766,44.489066162560654,72.4674871019821,84.39280425662125
1213,113,1.1355920088049898,1.1940419987247752,34.004399172478315,79.29323942267595,86.06630594890746
1185,91,3.679576964667699,0.995114038534817,32.41804541271374,81.23919313947013,80.83242729397536
991,57,2.5418712816814217,1.2640838754119603,51.83817920921295,53.58879031132565,83.59630724312912
1076,19,1.9029799586727396,0.87852419643101,44.893834570658996,84.13086106117012,85.45772587377576
960,91,2.1170203127544642,1.3818926270471268,43.10552107845538,62.09658401577648,85.90015693291052
1259,71,3.8154916886413535,1.0722737248301835,51.8852468595719,85.69763162532949,77.92550094493181
1113,60,1.0367299109062806,0.9416302780078784,52.96538696973329,91.12673971920984,84.54067578859208
821,104,2.5518044120587904,0.8440980483980076,34.76724503008061,90.197925377626,81.81531844810536
1052,38,2.2706103760956307,0.9018547430525244,48.30675448432924,77.62504837039445,84.5952476772096
1360,0,2.6400898240212674,1.1118643691336105,34.060622468330564,76.00849461553756,88.42272935136673
1274,2,0.5633856433729418,1.002201905858772,52.54125258087137,57.14379806697059,87.71370711940963
858,76,3.5524336813045303,1.2973300195295656,49.708654688014185,88.76730752015678,78.91596524753867
1310,91,3.7624139886926433,1.0585325141970836,58.69843863250374,63.570469022335715,78.53864001584785
1481,61,2.4779661425622312,0.9492285635525779,32.06874049069263,74.83477114089733,84.21644723080965
1275,62,2.938277883569123,1.170286991962418,31.711641634537628,64.21370464637583,84.55459964142493
1499,112,3.7287478341205347,1.2240663301312673,38.465612240796005,56.691418149984656,79.08265402121303
989,24,2.975335220096895,0.9002251447405699,37.851170512077175,81.47788484458682,84.07401014639558
1486,55,1.0338866501999147,0.9005715297729906,37.409363972159994,52.71660174114519,86.56118625988209
1362,32,2.517009260583846,0.8220028561601258,57.1876374156311,87.43226170631,86.06621650806872
1366,37,2.6235026623399955,1.2418412090393842,37.48638599548518,65.87933976305584,83.77948141723725
1043,116,1.984457349558351,1.198282716573083,38.15849178385893,50.00673465022427,83.42576296771459
1304,5,3.07755482468653,1.0847785254498883,52.78194787253891,75.55645696186149,83.33005535202503
930,57,3.770284551691552,1.3065022693815183,43.4921952735162,52.34259542638016,82.44769965879922
1284,43,3.739489795173717,1.2834020917700317,53.301316708655435,63.80847789104497,80.48031802380451
1446,44,2.077937799914462,1.1512126186380511,31.960984726931557,85.3488243727858,87.3668999807088
820,31,0.8963331604426434,1.3209627683079552,44.62713581020153,53.13448108109329,90.32236151805594
966,44,3.946944196368171,0.923504726022061,31.008408005498477,91.96692461780012,83.31336493289086
1073,60,3.4361433025607693,0.8671517716386368,31.879596103660635,50.19099613292916,80.50033147613543
1187,46,0.9363193842114339,0.9618497669101937,57.19312360033233,62.34119346009511,88.12825607347354
1400,20,3.722946589160803,0.834252113653589,34.17736113352785,87.04520280760357,80.83483672701546
1115,79,3.544637267217449,1.1187017168006193,45.972620468256515,65.81350748646534,79.85219557544922
813,117,2.3159331999412522,1.3619634153769768,42.33286807802119,55.094619403300676,82.69665883848067
1041,84,2.5694640251072522,0.8236061244011058,40.42029978776528,68.0116959400214,79.16732555749627
1145,74,1.8965094635454558,0.8732659484060161,56.99500037061817,63.51966431922628,81.21550422236471
1364,100,0.6916657358771097,1.071319416970061,30.654701903264684,92.13559510802774,87.53626122084302
1139,35,1.6731903457606532,1.3603250105167428,49.91369058526767,65.66739587925716,87.7917832278098
891,98,3.3099870700930403,0.9896936629860503,58.901833026406514,89.44662358880036,78.12736218634737
1166,18,0.51621208051611,1.1043408852130354,46.805045503855254,94.59360724053673,89.71720270382106
1254,19,1.6672471009190046,0.8249437154302353,58.104673860992754,71.69087097882648,85.39078370000809
1227,56,1.8935904275683015,0.8890059205772534,31.56773637858071,95.4971571927196,85.24384159454318
1308,17,2.38088461028273,1.391978073775308,42.56379957222484,68.86590269815964,88.15634057840195
834,46,3.7194946574446615,1.3790712178616271,37.804733728861535,98.20392082450542,79.64524537153117
1005,104,1.7122109802808643,0.8029639885606458,51.924628949421894,54.46447622627865,84.2928407202126
880,48,1.7143362066367969,1.3710870712539434,59.4389127149174,84.35096332516213,89.02789153138924
1361,13,3.081254368384119,1.1834719626893002,37.695901873327436,74.69070202284644,81.75389272827672
1187,14,2.082762793114325,1.3207509767120134,49.62523804422223,69.38244027278236,89.51622982721976
801,30,1.2861168802899368,1.0728439133803154,35.9429289827922,81.63559393743004,90.08062386030922
1189,0,2.083538306464427,1.10935761714755,46.9599076371483,85.19285458171656,87.82045571459601
1365,116,0.9929995713292995,1.093307948154152,43.91797460065008,50.21816348251546,82.82744069344653
905,53,1.1173544527717816,1.2001185545276627,59.16015988894611,58.347654437359935,89.10512542701042
1276,117,2.244287204588179,0.8837907528537877,48.255818180893996,85.65230253171593,80.26492385507186
1201,2,1.9662390732659176,0.8179841539236068,40.485191162604565,83.31927067891033,87.86510146337994
1355,15,3.7019606537383503,0.9847579649547146,33.422873546638,98.30237525643386,86.26024592701651
961,86,1.768378646908216,1.222808457641988,34.537404862048035,88.05188951253915,85.5119201933714
1001,56,2.532059225973152,0.921112071273769,36.75950789853705,97.53863538656691,82.07618794562823
1069,74,2.7129250077183564,1.2040594599949503,37.52899984020894,85.12702507674035,82.70445883309806
1070,11,0.5458305980591678,1.3819472276643623,55.51848173523413,64.90261043197216,90.76348992309103
1255,73,2.822380802058487,0.8563404294736511,46.83668364847575,55.268246112542826,81.96454377946688
1261,95,1.12312588404413,1.2035612709350758,45.70172734123099,89.09119316724679,84.67627721526834
1051,15,3.863746111143093,1.0662501315827426,33.443066156076526,82.2074610737958,82.14306613026648
1095,71,1.0203195471358955,1.3208853526265032,55.80419080048305,52.40930061966481,85.5819712570404
1137,101,1.951184433044583,0.9062898736684316,51.68442909625451,68.00252329504892,81.94853503089593
852,75,0.7987238382752535,1.2155755713356986,32.03005085700005,97.8399907742143,88.41972335389774
1016,23,3.9890598814608156,1.302869173788866,51.23505291689306,75.02005728551006,78.5245933333204
987,27,2.257682536159349,1.3667685316844138,46.306146520279384,71.63645680098523,87.47304373295124
1179,116,2.5838475606201534,1.2099488169737875,32.45176037240335,72.8849802579647,81.5380732085275
1292,7,0.7347676708594961,1.0983048584050563,43.74901924585969,60.444136200258185,89.74634175596151
840,91,3.124861646397122,1.1707083441207282,44.54088861390141,68.43535854323976,84.02739598847788
956,35,1.23466957583455,1.321342990687231,34.97323620489827,68.49066279935883,90.83721572842273
814,89,3.6431900130424983,1.1423658479832977,58.37094441000847,52.61775100937362,77.61575629779958
864,7,1.2179887416870252,0.8182322358181021,55.49926114441986,88.37838142589591,89.47033457407896
1320,57,1.167407022322833,1.3585692173041866,50.07067011987325,70.82522159519395,90.03038632384505
1143,59,0.627923837468332,1.2137160506189366,43.86886683001822,91.10899434082117,89.21701998783071
928,49,2.1522343078849975,1.2059080314663477,42.35296624753526,92.51740005599477,86.26462042414782
1447,27,2.4769439664191575,0.9294050914386303,49.529204014528624,60.599702734932904,85.19690432965317
1271,91,0.7299802379992333,1.1953312821395943,46.36295608220716,82.86767410850644,83.88676206270915
862,100,3.214346658432537,1.0363186433924951,31.86819317645657,73.6140902081491,79.87305773691935
938,40,2.0865109216180966,1.1907397862248952,45.375079463109955,94.00783689607425,85.827060193985
1298,99,2.33536594264653,0.8639558181847945,54.192108516985186,60.787033958822704,83.18687861545311
1392,63,2.0426696142837986,1.1947071827618216,43.77719632790874,83.89066001550222,85.70943060084333
1191,26,1.9026707130636409,1.3996482354623998,31.558697326628053,80.38760611263612,88.14873879621662
1474,117,2.4587411595787625,0.8289272233163336,53.588345981520995,64.76507387859164,79.5760185033863
1218,62,1.0433408607574939,1.3863045105327902,36.04091346407923,56.83004518255863,90.29071685875614
1088,16,1.136748456733449,1.0441447764337224,37.758625046641164,82.58198802386383,89.12507221763406
1178,72,3.5162496735473106,1.3224520702023554,34.941190602968874,86.92987290661654,80.80365507921468
1289,32,3.8114041174677147,1.269431290434964,39.90645194614493,65.78136718816751,82.33846802030494
1030,116,1.8065826069791353,1.1402097565920006,52.70254517065905,82.2416302011157,84.07435036953441
840,83,1.4476063560024381,1.243069525550796,45.58157578511812,69.75654538057516,86.58006229704044
827,76,2.7539984013365553,1.3271093367808087,36.146438224521376,85.66034416413089,83.60545015706988
934,91,1.9305695988433373,1.04248419299062,56.33490234456123,59.96076374470265,83.39077465368455
1000,111,0.588852244811207,0.9962198969379432,56.387455648545874,94.51075013180872,84.43151159587416
832,28,1.0465340907816663,1.200556031338151,56.11735275138021,64.37047982327898,88.81144421519305
847,12,3.0059028009658912,1.284707565164755,37.16388634144618,68.38929938780765,84.91420018533914
1302,45,2.8062337966855297,1.2573710808659695,43.537180325429645,52.90459760401749,84.01561549553755
1206,34,0.5948359737621922,1.2786881893151807,59.54968968422625,55.57561061606382,92.16043952776839
1373,5,1.276902566765323,1.0613499888877598,53.16037428929971,75.7930951356164,87.59152459289295
898,81,1.3087617880582498,1.290700529705013,30.815022636766795,63.379633836398575,85.88337046993705
1483,114,2.8516246025955496,0.8721254332223651,31.95613773781476,91.77401128710972,77.81930779986251
1346,68,0.5689868821402746,1.1266934587765096,43.91794130436998,50.734669432747694,86.16040525484286
1412,46,0.8643800369460084,0.803455196298873,57.27660617584681,68.95470243359681,86.75441463626213
1261,24,3.299706298806163,0.9947514979401622,46.161053938581425,66.86727733845464,82.2184948538866
1442,65,1.1249063171901676,1.0198769209228387,44.934375241028704,50.966381545880054,89.31174402967336
804,9,2.7846113774815615,1.0377036149655532,33.16421099869892,56.21841995002551,85.32008986693067
1017,55,1.3336397336635428,1.2172803240139172,49.70340314172882,70.68213374593176,89.22801516279
1302,29,0.8480448746577081,1.0331348607622075,54.66309481800677,74.64322922237233,90.37454412427532
1197,113,1.3511026684980894,1.0692161735735184,41.41260022522687,70.21448736274345,83.69329878345602
1192,108,3.0279342614948073,0.9425264785245965,53.26835552775982,76.5468839206047,82.36742296765699
1006,4,3.494937638372,1.023951074977604,58.93429961702435,79.75658374528408,83.7932321951669
814,118,3.4057695259844705,0.9363617763578909,36.112993773830674,50.49619105639178,80.51714737626145
1353,119,1.8901423536645918,0.8439175542610662,45.69988893584224,73.2047579726752,83.42421300217941
1260,32,2.8382979779972617,1.1620691560288268,38.614138742537264,98.17496204437941,85.41607949450321
1490,117,1.2174450339553733,1.2009276791330097,53.785632571015185,75.95161400647743,85.42322542622193
1374,64,1.5260170559135464,1.1716942076057686,47.32780097643473,83.87711337294766,87.18800728402537
1040,17,3.637175364823919,1.0780964262803434,49.03747252650911,65.59319289584415,81.18193097017875
1363,95,0.5455067322875762,1.0278714681075378,53.93742478847682,88.69956890763812,86.46553182973642
895,110,0.7992798579906383,1.318000189743095,41.879114179873646,88.64607409380575,88.12879853951657
1284,48,1.2276018930110957,1.1114490710817309,57.45270205221129,76.06480238270694,89.54248996627533
1206,10,0.5928627135583691,1.0875091265778385,45.9908660173842,98.80069116396068,89.90719423414599
1030,84,1.1350240228142905,0.8153852394838614,34.73864468506044,56.27751073813267,85.97506851306743
1454,25,2.540645463393923,1.0047486965756938,50.876973545064075,50.84738324447905,85.11737724138234
970,62,1.9749859270737429,1.0281173712715141,53.797840513147634,88.50791058785481,84.28425835513487
1340,88,3.624350988769412,1.0392936685381402,39.5028503120258,90.35777686824413,80.04521563670578
835,85,3.3610524660845433,1.1481034215363994,55.71537770996259,56.01036145602881,80.59531730563458
1324,58,1.696360730942566,1.120161528036127,57.18429764297299,63.2791416479303,86.43632670880778
959,26,1.4079820170095236,1.1647430556760667,38.30713462133427,50.877618168331445,90.85237828296552
1498,48,1.828923428585434,1.258929956925277,59.50564418145666,64.66543053902824,87.45443331709086
1042,76,2.566032298801827,1.287791443229656,34.22134584146275,88.65709369593358,84.37533153897922
885,32,1.438222742880067,1.2308738457358965,36.0604700520747,75.89802638562895,91.4430620094158
1377,97,2.684521177471969,1.3733142175729607,35.52674517714078,67.40477965841441,84.53104596511821
1481,104,1.9329407826693414,0.810939549605817,56.819691300236116,68.58696474531652,81.3682178448378
1356,98,2.4321651329819307,0.9174667914101277,49.62877656974885,50.06768128577341,79.37491043256385
1373,0,2.0264428519736084,0.8045377249868854,34.563128496668185,64.9900263782618,85.63340389373278
1445,20,1.530630158396712,1.1884848284927618,43.20970255105047,82.32293708189653,90.0309215139212
827,111,3.8195865743675483,1.338818329369992,48.458940752094065,98.70972219081786,77.8570699401188
1419,54,3.1726202795591627,0.9460893779457795,32.5039225496815,92.35304134919497,80.66560592072683
1355,5,0.990396115182584,1.356220726877784,56.472491052220164,51.17974823227646,89.86758989795726
1139,91,3.539637915642695,0.8361604341737365,54.108106063246055,94.92803023374196,77.29122729755478
1130,80,2.2060091938732977,1.3606616160833085,45.15620320729914,89.15992066493129,85.84890888510441
1439,68,3.63093279412932,1.0109736123437807,59.01379845777511,89.01880617854903,79.56103539664514
1305,94,3.2994933958156034,0.8608524970695299,42.53282937825299,72.89978795017858,77.16012971694242
1147,4,1.9882472656423171,1.0915230555117954,59.523309571094934,69.90026464772514,87.4563421174521
1272,101,0.5786425791204108,0.9540659406323048,50.03759996410881,65.14578644165962,86.15192851447729
1030,2,1.4403707578473113,0.9709237411771537,49.04013819761825,53.284742947718286,87.99255863200051
989,52,2.395719751313034,0.9843739789557719,34.978646858873546,61.41176817468495,86.03266475806336
1024,22,2.7171737693915157,1.281815538699598,56.45783274913932,62.33018174890123,84.909184420307
1184,100,1.402606899016208,1.1234967660051527,42.82469063761845,74.20385348551008,86.36523562730727
1176,52,0.9877462592548845,0.9867846194936022,34.86700217347438,87.3722203298347,88.72693693414543
1082,36,3.422255828797547,1.166200269986551,30.37822559927277,73.69049141989733,84.78772300204076
1432,73,3.9454076324624325,1.229690404533916,46.79267050915148,52.89222247235803,78.35363616049544
1427,73,2.3399156380594004,0.9635744004401203,45.82198866368029,97.8894900494102,83.12731413505873
1058,82,1.1008775004690623,1.048129460915211,51.580608671074756,97.13621595470562,85.71366382549378
1158,16,1.4530756428177913,0.8731316560021686,56.70774159053406,89.25947715742042,85.22559548188687
1255,84,0.5643673679161336,0.9086896097208083,32.382197539290885,99.56639507821103,88.70996518761854
1210,77,3.7000458229617466,1.2086707123789897,51.944894710210875,77.22411664001315,78.95012010544423
1448,72,0.912128790115494,0.9088630086173762,35.62235832292747,98.13841751266031,85.77210756623899
1117,109,2.5178076642998874,1.115098030200236,55.74531159471492,53.78025203083754,79.5235398588132
1476,0,1.459193272405221,1.2254277570334595,54.571905415849685,68.28403741306857,90.66835017375085
1024,50,2.439623008805277,0.8641261538568463,46.22381264956633,61.26906340033829,81.18183813576832
1033,44,2.7799713592315247,1.140387331777342,51.307283958699344,59.7916542067135,84.79921461096644
1483,76,3.4040963129752058,0.9539376702208182,39.43050339551245,57.0401474446338,81.88936577594507
1463,3,1.2224744511621113,1.3777561251425476,44.13503696798444,81.12068207829984,91.78655490506401
1173,61,0.5384854003046817,1.0901273880319549,54.64910693131415,89.06609278736525,89.39376556919633
1471,64,0.9790997052408255,1.2835955298650947,43.777955915196415,78.91491997101804,89.31261388326949
1407,112,3.650065246468368,1.130135925293757,40.733947959763256,57.34813547941049,77.14922565612257
1271,103,3.5586152714688035,0.8260475197128916,44.826373417509,90.55618849667354,80.0649631671508
1032,31,2.590945857596079,1.1798908253564133,54.84747757311655,81.79773535818643,84.35665994904171
1491,33,2.601809011517787,1.3708420053239943,40.05624142112618,69.40828530634977,86.02757682348276
912,91,2.827628360911894,1.1609670920877986,35.21284779407232,83.70651477680315,81.46945605472285
1296,94,1.1137994751820735,1.291513315656074,51.36042060992342,62.995248962141645,86.87805513768738
1241,71,3.700441810737359,1.3305238780090445,54.779346381242455,67.25961042471053,80.07055472904938
1363,38,1.9656968371222558,0.9368478631693595,33.019124355706,95.87429215659951,86.04294921555666
1067,25,1.8409848488732412,0.927226903944936,37.19622338267834,64.52522528357102,84.8875430663973
1309,33,2.3162119684899314,1.166588593310595,34.25915969282982,73.49941340789684,87.94504747398501
1185,53,0.6643808837126927,1.0466170818840228,40.438242347465,94.50705686980073,89.66848026675571
1186,117,1.081991790646278,1.3039167817200321,43.51052936716238,85.38606751337637,84.91698212639692
912,2,3.0831176574922967,1.3400138740388066,52.464790108899194,53.110161308235135,85.2745941041188
1412,49,0.7897953377379426,1.012052827581631,49.534427546450225,57.36515221394852,89.10463250906469
1424,11,2.6110323831323585,0.9421223353846893,48.627857024352934,50.392079538595844,84.17113260202333
880,64,1.3587218838846233,1.268315309146317,40.57124839828963,81.54608951145818,87.44736704857277
1498,53,1.862534649146918,0.9648836213288816,55.2434265925428,72.38367127052092,86.63799324581905
912,107,1.5104280786974495,1.2935685911082069,44.138615021944936,56.713742545113774,83.50716003832508
801,4,1.744854507627322,1.0542429521892576,59.37314814045463,97.89670605283852,88.42654233915539
1441,93,3.0166606681448593,1.2005299395748823,49.024264148872106,76.482986197281,81.61332806387446
1019,93,1.5399260046811125,0.857321188300801,33.78794224693508,62.09466470564446,83.76982624609833
1365,56,2.4824162410391404,1.1743155948059438,50.28532686226302,75.03017855773538,83.42697759460214
1024,16,2.166176407696849,1.0710606072423374,39.75312046295097,83.98101663675538,88.69840338118027
1184,111,2.8228490787692686,1.1519650779052844,50.58981590058292,53.81196089867822,79.58669018403003
1202,46,3.778904087636653,0.9008085246469181,32.089234444872176,63.7351907523946,78.17523849445546
1437,22,3.0640023402358763,1.2421242469665092,35.24644311527878,90.34827454419968,86.11189823126453
929,78,1.2522913250676486,1.317678246525937,55.67211776717359,72.98324352013306,84.76786611576766
852,100,0.6091409727144963,0.9300438800544654,36.81538671070545,77.32885710161474,87.13068320439308
1483,84,1.4179241550493877,0.8574287333120971,55.111233757288204,71.64080011047346,86.03392240467143
1471,13,2.582772757450892,0.8141831516278019,38.37828265363231,52.194997132150256,85.94307705087301
1215,65,0.6799903471948763,1.1851829002659595,49.28645730176123,58.2874889910078,89.91927896685505
1046,74,2.237281865204327,1.1642564216532685,50.82451720529493,72.27708193709455,86.86915916783786
1238,50,2.588949971209112,1.128018447628442,45.37964259435159,60.459273270396395,85.62845027857385
1002,102,1.6698536178593628,0.9391682576695852,39.15932030090194,52.49895143298394,83.80311946594105
983,37,3.1981927131103767,1.0345435975433088,36.379331291132885,92.18248320259119,85.6522349439488
922,63,0.8730938859682014,1.1566858011117038,30.995680636872788,99.0596264582058,90.99630138769
1200,97,0.7629822360753307,1.0980601153155016,39.11839203722171,89.65714369983698,89.11439078484617
1093,37,3.048660646712612,1.3926713121289322,49.594883715938494,92.68924608523335,83.87297184746204
1079,49,2.2342196067216946,0.8818638515340399,58.14914455345448,62.09885651585227,81.71640451498068
1409,97,2.909408387497076,1.2170867324285561,56.136134467891566,98.03134877565998,80.23095365178247
997,81,2.021895685113112,1.0425912608625754,52.98194329605908,59.84628522267142,84.53162995547552
1310,29,1.3624071163368738,1.0569197689553689,53.653420297598956,97.57149051809162,88.00079709404947
943,78,3.366858111859699,1.2305586593949056,49.94954710427986,99.74096469829755,80.79688146703671
1408,90,3.2979555763914274,1.2154616907946219,37.80860572698009,85.58614028730244,81.82342174859792
1000,50,2.9314376479904936,1.394753596221313,57.21585092117489,99.0571865895911,81.82773711476386
923,62,1.4525079803048695,0.8770365736724752,50.12196935717502,78.47698897835518,85.4849712112498
986,97,2.565807334041805,0.8624657896304998,46.813218929413196,62.97708915880452,82.45863472280689
1125,51,1.7634086392900938,1.2346032902772446,33.32968407640443,71.84979428328104,87.80397450742896
1263,37,0.8205372566432195,1.1470321502038454,43.411666314192765,79.6780467689393,90.42215020253215
1148,96,3.7105975141178495,0.9644963999358835,43.81074813605779,53.65407810135075,80.86322855529595
1459,87,0.9788652082163649,0.847651621393392,55.936908285680104,81.1171632308623,84.81612128915177
1202,78,3.8258307383728085,0.8513949497578583,46.399446605633656,99.05889183811473,77.5693820629049
1145,29,2.061020205352845,1.3365145247984709,41.41201646911229,59.50538248918638,89.28541965573596
1310,118,1.1479652509351688,0.9151203948312457,59.30400985531978,89.62975581441916,84.86812910287834
946,105,2.3966533158242536,0.9940229372693125,33.32161779978947,95.39493968898097,82.57224743765663
947,50,3.555310425567429,0.9359938413361928,42.67645284935834,97.18507964101104,80.83484921507178
1288,80,3.062787102433464,1.0129977834991624,31.26074025514216,98.00678022027236,81.4592706467707
1439,4,3.322964017515074,0.8416543056476561,52.19712362300791,76.0729819360736,81.37813404191607
1350,28,2.8057417834875107,1.1114358745449622,57.54229656597452,98.86539539957519,85.97453993779264
1137,3,2.9229679758124836,0.840567538155329,38.401119886514685,87.86551035672194,86.36929358078837
1440,9,3.4721847804786177,1.280213904693417,55.75025030397363,58.083571811848095,82.35036203275772
1272,55,1.3738380310071507,0.9402272491462598,38.766546913856935,73.8450053233985,87.71476563751067
950,16,2.212987372750992,1.1240071487627064,57.32310484931746,85.9165587686002,87.05001950020734
1214,73,1.2742330463686078,1.3280474525368748,52.61885710790352,62.36701579095417,85.36508031540266
1097,16,3.9568380279882645,1.1905264214283164,54.14720330524316,82.03075917744437,80.6365942149766
1410,83,3.8042076889031464,1.1197746719308013,30.540196668013635,83.33002395233096,80.46261346952751
1062,87,0.6379938397897706,0.9946002518692254,58.88431071222078,58.13498719042829,85.67033091577548
943,68,2.9695131038049096,0.9998011478349187,51.8001297621097,78.25426562263782,84.3513412147886
1145,33,3.7383691109548303,1.201692173118914,39.142532861584,88.58134554893039,84.06546752121442
1423,5,1.1320137079456674,1.3964836167327004,54.88183994576541,74.9447832267971,91.56998470379202
1371,52,2.487808306934203,1.197103513909627,38.4456359524479,50.60515583880537,85.60014271573317
801,65,3.7042090415581463,1.1346700504220149,56.18261518698384,50.45192345396461,82.33897991273393
1103,76,0.618810925050296,1.2383903061435477,33.37741171235811,67.85146719850061,89.8749886981687
1053,106,2.9409709353639397,1.0791233673702307,51.11057932382387,96.30970342158909,80.88039840910038
1451,42,1.5407215258039277,0.8360854055604712,46.22095429934731,61.43383898018044,84.53551741430539
1252,111,3.735386683817856,1.1373780895267458,32.89603410586322,81.71818444358436,83.26708507349578
836,74,3.898703858078787,1.374575170703228,37.25681484776517,61.103793534666025,79.27906245622064
959,114,3.8049327118970186,0.9051817654145958,30.372121088319442,66.08349948297743,77.028417543616
808,110,2.159749758301123,1.2140029344923993,44.06303896393517,92.4021044800742,80.15265375868374
1032,22,3.517149278462597,0.9205602131954339,39.03795782280001,86.44307211349735,83.42642616009513
898,54,3.4559228948727463,1.1214966106838489,47.95072452893277,54.76996386566053,81.93432312561275
1458,79,1.6168516563513946,0.8580058697880318,38.917134231258515,71.43510104932167,85.42029496888301
1007,94,3.4012041595273708,1.070222561754911,38.99757334520954,51.458488182263224,77.29935420118827
930,74,0.6295267215042242,1.2536979973371476,52.2957959619481,74.04450733015045,89.84145980780099
1203,117,2.5869445746871857,1.0085429145433893,31.444285079350603,83.1217005850534,79.56232856687066
951,15,1.3050309305069607,1.1989470346923308,57.08684985575962,55.92513117990758,88.84709751778334
853,7,0.9219841002204758,1.2772699764738373,55.567916231735445,64.44424694545829,92.18443907141369
919,3,0.769336205702232,1.3563066916876716,50.03414049679219,69.89183127510785,92.24276206378917
1472,103,2.9370107155734893,0.9407852491132721,47.79664710322153,95.97655123280248,80.33462862942301
1427,3,1.6895623731882314,1.039589549485585,56.76907494418957,99.66275077114821,89.28014824650417
1386,55,3.036683700350665,0.8914496079982505,35.559905385861434,52.24556494978079,82.80047797944857
1424,24,0.7287471927962983,1.395490101295025,32.369074865724855,88.0503961747696,91.07735832339453
1219,66,1.6035161824071362,1.3562005807545772,37.18530509728615,68.58620332011716,86.75074902172906
1221,95,2.3882195233136803,1.1239742781683357,53.83734836100571,69.622909311474,82.4780458715367
903,66,3.2675310769363723,1.3052199766258528,31.0401080017945,87.71324866735114,81.47751483378916
1053,26,1.6156337602622446,1.1125747863632252,47.48420505250469,95.92132160727044,89.18070158230516
1026,92,2.690619817529532,1.1741514128016557,59.8631254857393,97.54642972512741,82.00714323902183
911,31,3.600922118826655,0.85347465926961,55.670882815126184,78.85612930191604,81.30363125744097
1309,49,2.655521158638066,1.2531622522980848,45.643370671307686,67.85605796502514,86.34328983100515
1272,60,1.3153581616377181,0.876628090181141,31.90922727859927,89.37745429293896,86.08066967345523
898,50,0.585402735447883,1.295640578151517,54.94120543157129,62.55006916311501,89.2971878153106
952,18,3.5453460586532546,1.2692168526022316,47.969355245316315,78.20370144167589,83.14747846041035
1137,20,0.5744429379763549,1.2252468186457859,33.447989911787005,67.92892307624366,91.97604074567754
962,4,3.5614558543946977,0.8216962283148573,32.81571854470069,82.8315536853938,83.66134888342893
1480,81,2.351279969095242,0.9818770135671971,57.28880458309777,62.019945644675346,81.28121769327288
960,91,3.7867369447951367,0.9578675419465057,50.07600788814236,59.57964728674129,78.04580660348381
1379,41,3.2957413252078287,1.0160818444829114,54.87860397950267,95.91195433377186,81.13921254274814
1197,60,3.992769386866681,0.8525856480583032,56.36936700846802,55.09018414747685,77.68003543408923
1076,21,1.7274913540809855,1.3621746938186376,47.15317056144967,75.29789538674657,86.07052852563834
1303,20,3.185159011258944,1.1322813444274258,45.523390552651236,61.04263914815044,83.85416075246047
1191,69,1.9067581976323476,0.9833145863948142,42.9128223096297,51.94649816628337,81.87565828308948
934,0,2.179564671063681,1.03818891024457,39.50839763373358,51.80094091457132,86.8243685047978
994,4,2.6962691212642955,1.0683215243029014,43.037878825761354,58.76108860529136,85.12243496046162
1200,104,3.557869899652186,1.1603566000163703,53.21638967190469,93.33851772530002,80.5281025466763
1439,11,3.9442921421975328,1.1094076566178988,48.05770293045394,64.12393719885134,81.06276697359968
832,89,3.1889569485258136,1.3516351839286505,56.775698698645385,97.52295852876479,80.139097826219
1487,45,1.962183737585668,1.098178089743498,43.30140043137563,79.08111464945968,85.3659247932812
1259,33,1.9747495079697457,1.3952948088939876,48.21268736156262,71.8307094884383,86.67770936755053
1269,48,3.0815380555611203,1.3108549746470572,48.93922659275966,79.00444173347273,85.72528015803545
1174,77,1.3357200101890583,0.9251063086144015,47.75091486918977,75.83491926131339,83.37074670333485
821,89,0.8866593959598813,1.3583571287863496,51.07901319256549,87.93881268786626,86.66530288098997
1469,44,1.741177551742718,0.8698198387312857,37.12300405124419,64.12480329864262,86.31074322777762
837,26,1.505336470789286,1.2904698250947149,45.37091332637372,67.65251958001512,90.05918573817745
1029,72,1.5370784215959654,1.028373976085948,33.12674408425043,94.70471512666253,85.10663519393107
1164,25,1.3176271286746848,1.3267845922670416,41.53533982934438,97.32282565752027,86.63986095174545
1362,46,0.6473261637272666,1.32083401406447,44.63001205863793,94.62791137432373,89.8009639528023
1237,85,0.5625587715669483,1.2835552400705725,49.566727786364176,70.97239969786568,90.01886491204506
1082,110,3.9570283640761104,1.2740182617842368,58.5159315775861,89.01827515034408,78.37130530076473
826,55,1.997205968075518,0.9828074834588245,48.01953199645068,73.81678666505493,85.10225584729287
1025,93,1.845143265058886,0.8485515698307513,52.307817485296795,74.87699260730511,80.96758660475138
1076,106,2.8787654894257444,1.0417881072590969,45.187981784856085,60.234005452864196,78.56609186649335
1408,62,1.2638886075277247,0.9041147089919053,49.02312094128994,79.55651516292582,85.91310616186077
1083,47,3.8248641438257884,1.216970653341477,32.1279664840132,59.306794887667394,79.85231487585892
1280,60,3.252207550454432,1.0076598359226714,37.63174742525541,66.5782349533597,82.9432113783407
1252,80,0.8129385080929084,1.3853661205159489,40.85559279615416,92.75151008099675,87.01348105464736
1458,25,1.9615327152472493,1.184583246407199,44.17480065019541,60.35379046054276,87.22227125690758
1315,35,3.5769140764675766,1.2934883381806164,31.369462365071513,53.557914258671644,80.71193391247003
1346,0,3.806562078019936,0.879514803645109,34.20072292659953,53.45037963064082,82.38492952906734
991,7,2.135905289374544,1.3172086893635735,38.30442923373917,97.03922602515539,86.65114783631046
848,112,2.646939862237477,1.3536543143080366,59.14598072703152,75.34602189809173,77.93995355381479
1311,98,1.0846188113222632,1.0922371512913616,39.940410213091525,70.47060359085091,86.3719524044715
816,51,3.9690901914794177,1.1637517626505864,44.461231743362475,90.54392905039592,83.3101839282403
971,78,1.310850954842052,1.2588858805417973,35.88293138215179,91.79129639552579,88.47613857761343
1019,46,3.7995612094729396,0.9049031763562475,48.323402132273046,66.60955165578022,81.39354365263016
957,55,2.77376327147329,1.1015396458780655,38.42049646547923,84.68090287368976,82.94795375894634
1276,85,2.627078782076007,1.0391978166633877,36.2097773531528,88.55614079259433,83.4616363336907
845,13,2.29440978855778,0.8878243952973495,45.497178853379374,82.73253434329773,87.63613754205417
1172,89,1.3073443410121555,1.020520653374919,30.165173974812625,57.57975374000497,85.66399928623184
1317,27,1.117848112019279,0.8409033856312962,30.22992097947676,93.79415417585285,86.53555537462466
898,86,1.2717017317456136,0.8154871441696923,36.57206427305573,76.95472763680044,83.936455871236
836,77,1.1525339175048908,0.8810997734928937,31.101640875024636,64.12362131850018,88.41405980648052
1079,87,3.2285456574836364,1.377869066953504,33.24077262392074,71.2614092718847,81.98077269316207
1148,1,1.7254384070835553,1.1297177215370102,40.16581948016255,51.87855451994537,83.96316670416762
1296,108,0.7024493679718873,1.379493296691932,54.07757038739439,56.39334006112088,84.53613745971089
1101,25,3.89185920549284,1.0594987269980791,47.16145930107902,88.27733752579304,81.20683006051412
980,13,3.59325059737199,0.9870896798511557,45.38003177869249,50.00058173776831,84.50756913024023
1406,58,3.7471329911832454,1.1036851177041465,38.80466469624365,70.82829142411461,80.57308452336078
898,55,3.9821773792625237,1.0637070131797461,57.95261158298449,76.12550905427942,81.39245373953302
1499,114,1.1086333722682056,0.8633988105570464,41.91045123711575,52.731721000048616,82.93545474412296
915,6,1.8868470661593055,1.1844957888141237,32.61278300387315,98.65390814861664,85.79604321638863
990,2,3.1538346649643194,0.9296229095057598,48.51199548353404,61.3062665624836,83.5412033732091
1052,110,2.936072163188273,1.1717527729386976,33.41515180429804,65.20993598181404,81.36179363197459
960,22,1.0386356721894927,1.190120655438892,40.35669428405076,65.19712561275136,90.2461181367723
1055,109,3.3554159374671624,0.8912149118771889,45.22235816153427,61.520833105867496,76.48698743510987
1122,106,1.2855420014283123,0.836809776266401,56.22667574055527,50.07369110431557,82.6197895265725
927,110,1.2833616518791808,1.2684569516410638,44.80639741020356,86.46723970439982,89.0482431116563
817,108,2.3794104801269476,1.075880254261592,51.06776298094993,98.34227498996427,79.57305868785518
1365,17,2.575289771945961,0.8348982773032855,59.78450516997211,61.21467416425225,85.2489186159447
1369,37,2.530301727432339,1.3969197903018602,33.94467359693945,83.15235959017113,83.24857108686373
1122,98,0.820203930892142,0.83466833659782,38.241945765585584,87.09481634793576,86.53659288304783
1485,114,3.571113019206331,1.2170211373151318,41.837282267929396,92.42126895452623,77.64669544792415
1425,14,1.4296001490604713,1.390207355158048,42.65484535616494,71.13145985068046,90.61031607460046
1087,63,0.9533022244898146,0.9435080625295553,42.33063225796637,65.14654528202146,85.0335693185024
1462,88,3.6106182795414203,0.8853496212123178,57.22833007669665,66.26475670115155,78.83428208395988
1438,118,3.844780243804137,0.8728309636534574,51.42097933400569,85.63106665492563,75.07376842147114
954,100,3.5174466604290773,0.9819650885405573,48.237156422721114,90.8389733252818,77.61455673595796
1289,27,3.333306261537073,0.8606274866063881,39.28118153588346,59.08069838783013,83.24378785609892
1185,73,2.793346932236576,1.2152968050164792,54.71371152663884,68.54705040788826,81.94083032907977
903,38,2.4280007971319875,0.8373750788780376,58.65181534454967,95.0970098374575,84.19051603467014
1192,56,0.8044536596899354,1.105653276889874,54.6359484765068,90.33467598473696,87.68613852607443
1045,16,1.9295862457474455,1.398018112311786,30.046953155744188,99.2429201381238,89.1679387620771
975,102,1.804409809543099,1.2883821617036113,49.09204110550221,87.71241298410403,84.73737259682174
838,85,1.4091382431611417,1.1691316629386064,31.53406144326302,69.65976005139612,85.43263151866698
1276,89,3.0319703979100474,0.983752172471967,37.72821661001166,79.53189169973189,79.27916151780973
1481,43,2.2355650727756977,1.174337501774983,31.78574101043315,83.05071271236602,85.20639669595299
1337,24,0.7836617556767678,1.116224878346991,48.113863588481635,53.922790815856196,91.65503798629173
1207,16,1.2706412068243398,1.0556500303342229,50.5976974047782,77.22484795519325,88.90232580824751
1324,12,2.8914056728085855,0.8784262260441197,33.434629141977155,85.46604142363049,83.41480416778
1305,83,0.7664580082160506,1.3319625291442798,41.51516649134938,58.366065200053015,88.61859101387809
835,24,3.4792241991706905,1.0698707892927934,43.68709526866626,89.03158587127785,83.77328317859318
1484,67,2.2330128445489104,0.9167735070924591,41.071590652827496,79.18863902570558,84.28241281110945
819,9,2.1820530206432682,1.0206556105263738,33.630750014555794,97.61108928487974,85.70181158950372
1120,66,2.5734272463083117,1.0484778515173563,42.56843370562426,52.12111491034459,82.15970378770108
1311,104,3.386383380738022,1.2965227373401245,52.535341434252544,63.266306877773346,78.92882842990736
1199,108,1.7173322276576757,1.2401686283368412,32.13022993599766,80.0776939649912,83.76246517802396
1453,17,2.8730565339567224,1.2615829361848039,32.405400422457106,64.82799561029654,86.84990717488931
1270,110,2.4800618739852687,0.8066187586571884,40.64313875507953,85.72120820356211,80.75130339410971
942,99,1.4345989455929746,1.0496923989078568,58.25177134856775,87.95026412609656,84.47754452692772
891,110,3.575204952243053,1.088806490981194,50.05717940168742,55.125798203323725,80.44652691482382
1153,85,3.290991075624248,0.811515366093834,50.36009870017695,75.69272321033839,80.29111721304685
850,33,2.8045814213044893,0.9558879252470205,40.85759972513595,75.4445277795528,83.72366771847864
1464,110,3.4770360518298467,1.256173893873281,47.80982373625615,68.46403851077706,77.62198296975207
1497,7,3.535529703359308,0.8822658234373995,30.3039355208323,96.6462431284836,82.35930045702005
1374,39,2.9792704185026215,1.1211860788715549,49.08288139228627,91.37531599366106,83.22152422594375
989,112,3.429546649272852,0.9291211232103425,57.3986084272871,84.86046909548185,79.06435435784482
924,107,2.941150115842493,0.807272464786336,48.377204050344574,85.71633178674988,79.03390054686965
949,82,2.8804927011610513,0.9447208745597249,56.210957803990354,73.08580719065596,79.8070290788839
1113,41,2.665139823753145,1.3855242529460323,51.71919166398281,96.0497260548288,84.17833237389094
1369,40,3.1345082384517444,1.2809222671297937,33.616752492110706,84.72977136266427,84.17454858424463
1141,100,1.055117868525758,1.3757459865926198,57.073599218575254,86.44905308279081,87.48796264182448
1104,5,3.5830476571962495,1.0927124263558174,31.993315330673248,93.08454518936726,86.58996006117513
1491,51,3.551452347108312,0.8658417192065021,46.019024176432914,63.70357946710955,80.34551238671776
1481,25,0.602365490620957,1.1287756933842157,34.26411371380373,90.35354519333515,90.66415086442647
853,63,3.3903586269766692,1.0726264007359765,30.35119832192712,59.7620301478246,79.93316052660833
1243,97,0.9510445361570582,1.3066142496437694,42.66102780382917,67.26709761224438,89.62780367771676
1412,58,1.6729159899069965,0.8588495484705467,38.851221229624684,66.78052271349213,83.08606732499183
1063,55,3.102278897020627,1.0929446822130668,44.58001481392809,98.92627341945703,84.28617450955369
852,58,1.0626596361690788,0.8900291988163905,47.31599660203652,92.82686118739633,86.03598387726306
1371,108,3.362884584416718,0.994805556134036,31.312172169268422,85.05849307951298,78.33359585765581
1419,69,3.4124696228520968,1.2424142464326797,33.69009885371237,86.35283808076952,80.31277460516021
804,100,2.2761370681629267,1.0856108776212599,46.75927189351276,78.10363972012856,85.86439565738304
902,32,0.5223505510089175,1.0255329710874617,40.29502059517975,97.35453335542596,90.31964232388975
995,52,1.5046334661121947,1.036685767142021,51.87520462648344,74.81293764411808,86.26082392014919
1149,21,2.659244214315098,1.075668061043592,49.56874945775819,69.02588549349473,86.4475977639857
846,20,3.9341516230959823,1.271009926302234,55.368130889697206,58.15176684657955,81.61136763233311
1455,69,2.711347344558339,1.3352508133641405,50.77478480007676,89.31028261305289,83.59216028090492
1068,69,1.4093125337245593,1.3732008119023569,42.897932321704445,86.72219660377957,87.31708837386508
1169,118,2.7190199608486396,1.272142031753177,50.18899867183298,69.21775192620674,80.11712966621391
1435,111,2.389948829005494,0.9892441374488077,38.26143522766256,51.25967069796147,83.0837185392305
905,3,3.2294588830290025,1.2128808236519253,39.18940496334638,91.94986638590053,85.12421232089095
1469,93,0.8744322358943544,1.0625618744332352,53.6695547976238,50.57089917270368,83.4743821840151
1458,74,3.163597658757098,0.9528023732276307,43.392585492047466,85.18498898145255,80.44819173597503
1456,61,2.3944330253663857,1.3045229476555535,53.951410215550574,98.51285548630285,84.93723492831057
919,61,3.870472013506481,0.8230558093773951,54.67267121004835,71.88306640741017,77.58562321661051
1403,93,1.6965525811354012,1.341057195281254,55.72687012983852,61.74867024979764,83.57914903463569
857,94,2.7141766259688183,1.0768864787748404,57.49905707523622,85.24355050216909,80.27774408073117
1145,23,3.762098369285061,1.1823208860849683,42.92955661539889,90.85640710077925,84.71800441276571
1273,54,0.8587840479673774,1.1956123533234697,39.566004549634165,77.32151580389237,88.01777212291783
916,8,3.780299705327579,1.3370706444239218,47.46596239782342,98.35176376280731,86.21722997026856
926,118,2.9076000280528467,1.1820018093003244,41.13517270312883,52.583436082898054,79.4025263287528
1192,2,0.7374297068681017,1.168360150856037,48.03222500400699,75.2397799152264,91.77642079051851
1440,114,1.553372484313857,0.839991224336414,51.16757587931474,85.9226973661275,81.57214239885197
857,30,2.9786023102584855,1.1110448131671224,50.652150554764106,93.13202355745895,85.10923371581507
1433,39,0.7357271051407009,0.890101400490225,41.23658661060364,58.9627805953895,86.85657900894311
1312,100,2.5375966106169563,1.2424602612328912,35.00580605096258,90.00017408818407,83.68996455622614
895,35,1.7105906993353486,1.1073331524876047,42.915880153866226,77.63535378592726,87.28618355746059
1437,23,2.67320431218617,1.2081366675250118,34.27782432245726,69.82768409949816,85.01121343479473
917,94,0.6600971183437949,0.8250037403614306,56.70291105551425,56.58575142895468,84.99935260685558
1359,5,3.550378821533317,0.850875209627482,40.376323822135724,93.26478794544562,85.36704648156082
1400,65,3.9072113921208893,1.2297940328376094,34.63379241669971,57.863660408985766,81.0689006358684
1287,83,3.8910724934999203,0.8432506015992041,30.763432797172527,65.48939296045496,77.51832616486287
1036,91,3.1237814111002367,0.8427540366591552,49.37467158859452,64.50227659812184,77.72328254698603
1071,74,0.9553018404572119,0.8072650851409325,49.107069523642295,93.57070170954272,86.42570006385793
988,3,3.153921185751579,1.3739008389796878,40.21812499743875,83.63514971044489,86.54802451213267
1246,78,0.5860542076058053,1.242505015675404,32.15135666542953,89.83406985956861,89.68287488635656
1380,5,0.5774324303514904,1.0119508451012384,42.28886684685696,62.52339493962495,88.89221918958576
1046,117,1.6326357670233944,0.9779213487725932,39.33652485190181,81.24370498034995,81.04160955263758
875,112,2.21025116641633,1.0098219378475097,50.31361919205028,78.58729915718743,83.12457005846555
953,93,3.196425962327276,1.264792118708709,48.17337748358071,91.64151883941355,81.46991471467823
1455,119,2.891533818122768,1.1968223666422486,40.9378118459262,95.30435302406303,81.18042184274061
1234,101,2.060659472318619,0.9111173407204808,36.5367766276497,50.60783857386934,80.90268683509396
885,50,1.4576933319858305,0.9044656012004506,59.64107898466776,83.70099595293964,84.2129159078038
1496,61,3.989935750551989,0.8590373898280385,43.62004863588345,52.59178995598645,80.58959671114381
1084,56,1.9916345578259054,1.196181631820803,50.648227073407114,77.44293325386779,87.04375980266396
1019,65,2.079854585153864,1.2586235973330415,34.21658902735082,64.38163645218391,83.92588102508341
868,78,1.0726833741708421,0.9590278569950024,44.56769098978194,65.33882997610706,83.99831651908018
846,74,3.2818334206247526,0.8125669766185477,30.826101596083966,67.64792517261783,80.25801185096113
893,7,2.9278877902352103,0.8493030004858564,45.1636535373135,81.0646224524805,83.173560240172
1252,25,1.2726936447606614,1.3807160209070182,58.92052221353107,66.70249828343846,88.09324898675146
1003,50,0.7883336596554494,0.9772668664864521,41.526201389574005,86.63495252951401,86.31537990547888
1017,44,2.881747557261496,1.2615338887028802,31.16988037724735,70.22636927869348,84.00401947791981
1273,43,2.7907892499839733,1.174798141312558,30.928673727580307,53.41766001549793,82.91231711451358
1231,4,1.4564083444937326,1.0291637837917376,41.63960279840609,89.18799212420537,87.38334483546657
1140,69,3.828022467876436,0.9234123573173331,34.80074809389582,64.2879162296353,80.07715858661084
1350,25,1.0287026212331507,0.8728318508956439,30.70056288984558,71.63834397996314,88.66575661237326
1411,117,2.0131718036491066,1.16900778082332,52.68640841850531,84.27219416109509,82.93982738391355
1088,67,3.8026557205865963,1.2647802683826728,43.755690266456725,66.6228078574356,78.41626091104654
1053,18,1.9690456092414281,1.1863425521246784,38.677343159179635,52.82928280733578,87.7772568053644
1156,83,2.7348408168242995,1.118181279949495,57.002495490494425,68.69605235064068,84.88900452627117
822,96,1.89158039286978,0.8251707340589818,33.48416880601577,97.22242913471517,82.20879816345261
1321,19,1.459753208220345,1.3810932665566302,58.67756486865957,82.08671986492791,90.40178660947431
899,112,3.9439217678593987,1.2792285149927447,39.41900152132058,83.57395743336035,79.6985498678445
979,11,1.9326690221026506,0.9756932220205788,56.65211016926044,81.61410768188199,88.11933493974978
1022,46,3.6293472128769704,1.3879821976153104,48.08828629438385,59.94960694797184,82.98590470002328
1458,0,1.3048411206188018,1.1611289537817933,54.80122079224462,70.916693205114,90.58750536392917
1241,89,1.2458664640877917,1.1494535949243478,59.52039489631393,87.5469899181659,86.29605680260799
1407,13,0.6089692900957897,1.2488439076577191,38.65216313456237,55.06864487765796,92.61655655382606
1124,63,2.7808338888155975,1.2870618728540824,58.83406456222779,63.892638804485614,81.60501357224041
1315,37,1.789842203033164,1.1938871643989015,41.68445684707261,63.81595542329268,84.63933272078454
815,36,3.5252538744387296,0.8768574478197201,41.56535714210767,71.6009463797253,79.31695907579663
1135,10,2.15623467342045,1.002960503596699,40.211613127635175,99.01843704710924,86.50966694843262
1057,99,3.888676997701526,1.3568501841956297,46.242228220427556,53.3751273341911,80.25933149754984
1296,76,1.149339304960924,0.9347693671063112,34.624351295354614,75.93504971902975,84.37038175089492
959,106,3.540181087844638,1.023300214302508,46.611344560740335,58.96823410061052,79.93036348865283
1274,2,3.218088984771096,1.0592461297665177,46.25114437230012,98.53382727048721,83.95081496420751
1463,32,3.198226456254182,1.0636429938166714,52.8570543781461,55.66517523637321,82.33416138649574
1489,5,3.456741298409107,1.1677637494967152,55.00949885812757,70.18005011807956,82.87475629240087
1474,49,3.1635839683004963,1.3658455026468244,43.213240509372724,86.89424924173031,80.98084533603047
1179,119,2.6917711257099537,0.944415627099503,39.069997480544814,85.22772140137226,80.27010596235874
1344,9,0.9593570718883565,0.8729008257805508,37.780046919512834,71.13643184469662,92.07881078507378
1490,4,0.6138416282193817,0.9184822939159624,35.83871510114616,67.32620839763591,90.77016686678216
1226,22,3.722967467354904,1.3321549401255617,31.729427465970748,69.88061892764352,81.1933708055936
1412,9,2.658276100822583,1.1874864875931235,40.2734393650414,63.213813157931966,87.61656673478946
1067,43,3.287880518416617,0.9715440735434961,38.107430763923496,60.26664693533999,79.93605509006025
1376,1,2.1853282302939254,1.2895681633811704,58.99252157599222,74.1519848779445,86.06162483502632
1216,12,0.9105786613683806,1.3168219978180615,46.73126478750132,63.42668780338037,90.63139613575589
967,39,0.9381502727089266,1.307908603214167,40.418311170915224,64.3730832448625,89.90797455376719
842,1,2.8994785053013996,1.3513559201837326,47.41402802981088,82.83780317372785,85.17131057483687
1355,83,2.0060706321481194,0.951344612104017,34.17590104037087,98.42686658499461,83.19895075198566
1084,64,1.2018365434511784,1.2530251572477669,43.32131247606608,80.18186002796875,88.58061349722216
1196,62,2.220580913595029,1.076323698364484,48.787029642631914,53.84897335324831,85.46849994740344
811,100,0.7247312797629692,1.305199131734037,44.66693495377354,53.77918069270335,88.94614491163692
1406,72,2.5368999067003957,1.237094406296968,42.053364019629726,97.5711610422783,86.60865491628823
1101,16,1.4414769155228417,1.2658684678998346,59.815451666990946,64.86453951536669,90.08015201527418
1052,8,3.2914568522301586,1.193697102608643,56.409442864467806,54.60334930412377,84.12875822231877
1298,74,1.5862668562325082,0.9064572616818242,48.702178744783204,79.95222935751907,85.78806723048699
834,14,2.0932705217863044,1.127016151338163,47.08132083546848,81.18243891451331,87.86252302683062
889,23,0.5406718896783522,1.390801843714705,48.61981439473752,82.42524100593441,92.36248368511019
1404,37,0.753564107280956,1.3624328398982712,36.039363234673,63.37010139287706,90.90046837195806
1401,118,1.873727447423397,0.8259042414782071,41.85413229792956,50.75553421072375,80.09559322518558
1217,34,2.1797859215099322,0.8988888894376623,31.18378598672698,98.25076847272359,83.96843256264111
914,93,2.600071918417563,0.8790372640727372,44.2663811246048,62.54465228455513,80.89230052489617
1416,94,1.5208190254825613,1.2355879459911772,46.2907375187299,83.80131440262738,85.27494720846596
995,48,2.932436601442899,1.290671197914167,36.832492083096284,85.33149349393548,83.30745714115898
1300,68,3.510428390162216,0.9281068197864032,58.92086541496541,80.50037085397429,80.40374326420397
1425,61,3.229478461126724,1.1035116157710974,57.28363832811726,65.64536971068242,84.69299001648285
1292,59,0.63866588871925,1.30442181680672,51.664297063677175,63.554812688203285,86.50459755460105
874,107,2.1817743154024014,1.2396809268597502,46.001598862960876,79.88341413513515,83.64760666938983
1212,49,0.867255624463612,1.125342323295109,56.099074789430546,93.30478168058457,88.10129605700227
1175,77,1.3471575555188462,1.1542086142752637,33.91957031470389,97.33668644616978,87.0573367918648
1219,116,3.9533190764350126,1.105016328149768,53.71529382824655,55.29529022018788,76.47923675597372
1076,119,0.9987344001552962,0.9785290707912924,33.74462441900545,57.74143062988599,84.23585172263601
1475,74,2.2461085370797464,1.1390131957154097,53.82631987648216,97.23681293915399,83.82024252037995
1193,8,2.663545070113417,1.2133311812300542,38.27302704754071,86.82676141673963,86.19382041290756
1256,33,2.958627396904364,1.3239937495164846,56.31271743054567,94.14969124148865,82.27921300683381
991,75,2.4587703922041992,1.1817748123875487,58.32126281476194,60.13163170676716,82.72966283863015
1488,98,0.5341979659671428,1.2566729222258948,34.46387908215347,79.3792935554701,85.63262995922682
898,34,1.6426145788539717,0.8960429809727438,43.88026815196181,85.05697972087368,87.44101709806766
1347,0,2.3119907518464897,1.0769344846518738,59.42962134488055,84.00559427234863,83.94655476702768
895,39,0.8075327470069167,0.8055989718962561,44.502223079194394,70.4075845433349,89.46147889687573
1463,63,1.7271942592321325,0.9480073187129738,55.90642567543635,50.76974458456542,85.29119535681369
1462,21,0.616210880769783,1.2358770290678027,47.66194566393959,79.14630284021315,91.5732054680294
989,59,0.7750247400425726,1.395085970809618,41.259897237588056,62.65507695898044,86.20852031423263
836,63,1.8892314667055863,0.8595068597523295,38.57350666577611,72.51271230714451,83.91484441513474
1168,92,0.9645051391507112,1.040896589516773,36.09669273258262,97.87905075419087,87.79976787120263
1494,71,2.4863929689154536,1.2800425812194955,52.85394574133092,69.95176588212173,82.990657561804
1324,10,2.91312739198043,0.9224213807773394,41.596215204690836,91.99008033322133,83.04188736207199
1078,104,3.30205344688179,1.1330509695813717,45.33826386602254,59.42703028746256,78.76191720263176
1016,100,1.2005258548568354,1.2398427776178047,44.769764400035456,83.62302490125144,85.51254710736906
1072,13,1.086189037906744,1.1695912701561073,47.31837087699394,98.85034772194717,88.61628568407853
861,59,0.8659874411704009,0.9128148407692497,55.96731436873657,55.09465504364684,88.70799717722284
1395,29,2.7275058734027287,1.0132307412114436,59.422180307502884,50.4159971113596,83.90449157712827
1141,34,2.972665042704154,1.2702750706912382,42.22752625721451,71.67913963163072,83.84925786636624
1196,84,0.6105515068897471,1.13253590847921,54.82556766318909,54.63127415256836,85.20698254654341
1498,36,3.7767428618529144,0.8031377681257477,52.93583383964153,87.41921748381156,81.10928881059986
818,4,0.6818994927801534,1.2565944560168563,47.205868543667194,95.72743319242795,92.39795247787406
976,82,2.3945371735537466,0.8211868129641435,58.68141430835799,71.70104863543794,80.24964852944443
1411,77,2.9817118180782076,1.2474402696387392,36.01423546585208,62.93558210777205,79.25056092691267
1195,25,3.5483919331112994,0.9214883360991425,33.277926309288645,71.72016595033048,83.18277900670348
1244,61,2.999304262463497,1.3748440880716282,55.61885900866267,86.17239089250005,83.0023448389764
1032,3,3.3060482907442714,1.0207644507812508,43.17449449901245,50.45270807901855,84.87680899318245
875,88,1.6880756738998213,0.9961589698028475,55.40906562621181,79.47269947423486,86.63793652613494
1064,108,3.3518878981127926,0.8893328301994669,56.79270615586245,80.66458424436895,78.03358262527641
1254,41,0.7804019623463629,0.9833625292941289,31.87372780857214,81.88441234479677,88.2054754517893
1183,88,3.631858296211847,1.3259904570969203,56.50394288958182,62.10110399904386,78.4082148496981
1363,17,2.4165733165380767,1.3978006025763483,43.449571661082665,85.70263616890634,86.92764928188517
1305,39,3.360542194868728,1.0209857183041091,45.31297467012696,54.56957431658882,82.61406417036426
1166,71,2.0831139958140508,1.0691663785727255,48.797775332796306,59.96351682334004,84.13490839567002
943,38,2.7525219331878374,1.2332425629216421,57.791478201902606,93.87350233272409,87.00311908276055
868,103,2.3424093132763963,1.3317174682790447,30.57348283289292,86.93615753632832,84.15227045313732
898,13,3.0605633261436616,1.1558266005120705,44.30530404953451,50.687277700567265,84.79053765794228
1195,31,0.7857049371070635,1.0349154189066976,50.631661272916816,62.41881301849001,88.04660862642142
824,50,0.7112322939669733,1.0475731045091743,51.68120873094685,60.720324149658225,88.76178456686583
1268,37,1.3648613190355126,1.217370887898084,50.77597294611324,63.54031640184863,86.72353882804617
1283,96,1.0584063803961592,0.8019309581625672,34.03305388224366,62.377988513994325,85.01046288449942
1364,22,3.551242483072706,1.1717536024759043,38.98186765115044,53.126314787142285,84.2705730630446
950,62,1.2672489557531552,1.0132958062648145,40.761465762510404,72.94702582984101,86.2375385286439
943,14,3.9155283953669597,1.2765183987662505,54.13311623038515,86.63667373930826,82.04782945363833
1368,96,1.679135271198874,0.8557943838938793,38.36279617243659,80.33658623587182,79.99651020140288
838,24,1.1374127049104474,1.1529213601690342,36.32114891601609,83.643583429904,91.19427430055013
908,16,3.263944774998677,1.0885837339316742,58.72344057114289,54.05745892681196,84.23772036646365
1492,96,2.8054772142530666,1.1853953155431363,30.265898553404067,97.57453550883936,82.66133719231492
841,110,2.243685007585986,0.838912156689781,59.93462567045935,91.92459169215124,78.10636883401443
985,118,2.4437724282817093,1.1479902724568787,50.304638965721864,90.25451592478314,83.14314889976167
1197,65,3.0172062239529236,1.1368907527757142,54.854078983473514,91.14919025208837,81.41109978178922
1022,77,1.2995915946595455,1.1363960566497024,38.8385818903858,96.63552540663807,85.84825482918914
1433,52,3.987168706198597,1.1620925999578728,30.429458330011798,77.21269830568488,79.5636346013064
932,103,3.911776067513741,1.2058807623358172,52.1360855568459,60.0141008933813,75.64958171684376
962,103,2.776139902214279,1.2829933998084617,55.02433791002027,80.83918039262706,83.12691317398289
1014,50,1.198398578252008,0.9618924320769286,52.21428395860558,87.14407468339695,88.71504081801595
1034,38,2.8807988485095195,1.2950296461080373,34.28550861902516,86.89586966770128,84.80126397755761
1457,50,0.7526944314271155,1.0989534093580722,52.60283766770907,76.072451208344,87.4169155741237
1387,69,0.6072837577203212,0.8462349674805987,53.06768346322923,53.42293596667891,86.25913371802332
808,5,1.4018901097892478,0.8351305575463875,49.75621547010165,68.5556469215064,87.56868800655607
873,66,2.119180348587607,1.0005429912176365,52.98347798386759,96.03833042316786,82.0149271706161
1291,6,3.538953768929332,1.2709381862668805,55.377643190331966,79.2224454878713,83.83665620386847
1052,50,3.045091744182078,1.2246085608445494,48.408123427123755,76.91659716278568,83.56311416951077
1029,71,3.0994728241999336,1.2731689788034437,32.65814141909037,63.44267571910967,84.34148548361436
1318,41,1.9892266705682637,1.1103614338649657,44.62883429001633,68.42244599582895,86.10088027635928
973,63,1.7107724739143702,1.0641193987732942,32.329480040148155,94.76730445765847,83.49513444575365
1452,115,1.7986356704461095,0.8884715160237704,42.22629093097292,83.3231523763418,82.57082995484863
967,14,3.9567734730762023,0.9969156521655869,42.213194673768825,89.36935133761665,81.74543724325414
969,110,0.6403821699436887,1.0604116197043252,31.980295324207248,72.71727115338275,88.23689673520765
1192,28,3.53461023642857,0.8531602578077704,40.46461601908438,81.5123609728079,84.10636366265312
1433,32,2.525363930003377,0.9323671716267268,33.32994296373945,62.41918043716038,87.01284204098724
993,115,2.0351539671635663,1.1589351764382432,54.24705630027667,85.27304151417431,81.32806219577583
1316,93,3.0384018114529776,1.2413978685435139,58.43064077893412,71.38006668516687,83.95145033217992
828,102,2.20334129498646,1.3990085068357696,32.16949425773816,72.12727574073728,84.54900971948835
964,26,3.556981333285812,1.3598679988061346,58.653456218751046,82.46611622884409,85.92698558395043
1221,35,3.6524565240394047,1.185539119721115,45.67729798010235,96.81403107344633,81.73676680863522
1138,28,1.976023244057094,1.052748831976443,38.98697033861622,53.20031733043105,86.25343300119012
1447,37,1.4688972903226805,1.1817064188249395,32.305862258284904,91.23716186735038,88.64644761075266
1295,56,2.573226150076768,1.271390970848139,45.018728042112535,64.61915552060965,84.72975308135818
1164,96,3.6932717096584184,0.8710017145540324,53.83546633472246,72.1959727253189,79.71798150923217
1141,100,1.2373176615198331,1.045942933817773,51.212594318000946,51.09566643875045,84.20590577410881
1299,26,2.6803830424721897,1.3038813713813702,31.506780343919214,65.05230389171565,88.01628695449295
